"LGA","Crude_rate","IRSD","IRSAD","IER","IEO","log_IRSD","log_IER","log_IEO","log_Crude_rate","status"
"Albury",26.48461,968,950,962,954,5.06890420222023,5.19295685089021,6.86066367144829,3.27656380957185,"Actual"
"Armidale Regional",19.83811,980,976,955,1010,4.99043258677874,5.23110861685459,6.9177056098353,2.98760483522223,"Actual"
"Ballina",34.302968,1015,996,1011,991,4.71849887129509,4.87519732320115,6.89871453432999,3.53523188104058,"Actual"
"Balranald",43.466449,960,934,970,915,5.11799381241676,5.14749447681345,6.81892406527552,3.77198935314319,"Actual"
"Bathurst Regional",34.024521,991,967,999,959,4.91265488573605,4.96284463025991,6.86589107488344,3.52708147055453,"Actual"
"Bayside (NSW)",23.098085,1004,1044,966,1051,4.81218435537242,5.17048399503815,6.95749737087695,3.13974971365842,"Actual"
"Bega Valley",33.442751,986,949,987,946,4.94875989037817,5.04342511691925,6.85224256905188,3.50983505157919,"Actual"
"Bellingen",30.126243,981,960,983,985,4.98360662170834,5.06890420222023,6.89264164117209,3.40539665237038,"Actual"
"Berrigan",32.391943,966,927,974,913,5.08140436498446,5.12396397940326,6.81673588059497,3.47790971903456,"Actual"
"Blacktown",17.861315,987,1006,1020,993,4.9416424226093,4.80402104473326,6.90073066404517,2.88263720095741,"Actual"
"Bland",62.755283,993,958,1001,939,4.89783979995091,4.94875989037817,6.84481547920826,4.13924276570307,"Actual"
"Blayney",40.229577,991,962,1020,942,4.91265488573605,4.80402104473326,6.84800527457636,3.69460247136503,"Actual"
"Blue Mountains",18.598537,1048,1042,1039,1063,4.36944785246702,4.63472898822964,6.96885037834195,2.92308292171164,"Actual"
"Bogan",57.870304,966,948,989,936,5.08140436498446,5.03043792139244,6.84161547647759,4.05820436872557,"Actual"
"Bourke",41.753653,947,954,947,980,5.19295685089021,5.27299955856375,6.88755257166462,3.73178694447521,"Actual"
"Brewarrina",41.420125,818,866,789,917,5.73334127689775,5.8664680569333,6.82110747225646,3.72376687382865,"Actual"
"Broken Hill",23.59312,913,892,919,887,5.36597601502185,5.40717177146012,6.78784498230958,3.16095514410604,"Actual"
"Burwood",14.460818,977,1050,926,1082,5.01063529409626,5.37527840768417,6.98656645940643,2.67144278497846,"Actual"
"Byron",11.475503,1021,1027,1009,1052,4.66343909411207,4.89034912822175,6.95844839329766,2.44021458940857,"Actual"
"Cabonne",18.221436,1023,995,1044,975,4.64439089914137,4.58496747867057,6.88243747099785,2.90259870321569,"Actual"
"Camden",11.944315,1045,1050,1098,1002,4.40671924726425,3.78418963391826,6.90975328164481,2.48025543296347,"Actual"
"Campbelltown (NSW)",19.130503,947,952,981,949,5.19295685089021,5.08140436498446,6.85540879860993,2.95128407688589,"Actual"
"Canada Bay",15.958436,1067,1116,1021,1123,4.0943445622221,4.79579054559674,7.02375895473844,2.76998759223237,"Actual"
"Canterbury-Bankstown",21.955996,917,966,949,996,5.34710753071747,5.26269018890489,6.9037472575846,3.08904026850508,"Actual"
"Carrathool",13.855782,973,953,980,941,5.03695260241363,5.08759633523238,6.84694313958538,2.62870261843996,"Actual"
"Central Coast (NSW)",23.965898,994,978,1005,967,4.89034912822175,4.91998092582813,6.87419849545329,3.17663190322189,"Actual"
"Central Darling",65.600656,827,869,853,929,5.7037824746562,5.66642668811243,6.83410873881384,4.18358569590004,"Actual"
"Cessnock",41.215047,939,908,984,876,5.23644196282995,5.06259503302697,6.77536609093639,3.71880340812606,"Actual"
"Clarence Valley",38.3512,940,910,963,901,5.23110861685459,5.18738580584075,6.80350525760834,3.64678581806688,"Actual"
"Cobar",8.9912718,965,937,977,904,5.08759633523238,5.10594547390058,6.80682936039218,2.19625430677594,"Actual"
"Coffs Harbour",20.715541,972,954,982,953,5.04342511691925,5.07517381523383,6.8596149036542,3.03088419152916,"Actual"
"Coolamon",13.480605,983,951,1006,941,4.969813299576,4.91265488573605,6.84694313958538,2.60125198578266,"Actual"
"Coonamble",38.795747,883,893,922,919,5.4971682252932,5.39362754635236,6.82328612235569,3.65831062721918,"Actual"
"Cootamundra-Gundagai Regional",28.167495,953,926,965,918,5.15905529921453,5.17614973257383,6.82219739062049,3.33816865354663,"Actual"
"Cowra",52.011855,932,908,950,908,5.27299955856375,5.25749537202778,6.81124437860129,3.95147167336699,"Actual"
"Cumberland",19.002145,904,961,931,995,5.40717177146012,5.35185813347607,6.90274273715859,2.94455186753115,"Actual"
"Dubbo Regional",22.352817,985,958,988,944,4.95582705760126,5.03695260241363,6.8501261661455,3.10695235338563,"Actual"
"Dungog",15.0015,1009,974,1040,945,4.77068462446567,4.62497281328427,6.85118492749374,2.70815019610254,"Actual"
"Edward River",59.4038,966,939,971,935,5.08140436498446,5.14166355650266,6.84054652928869,4.08435819738638,"Actual"
"Eurobodalla",48.51911,985,946,983,941,4.95582705760126,5.06890420222023,6.84694313958538,3.88195774095625,"Actual"
"Fairfield",28.494061,814,885,937,919,5.74620319054015,5.32300997913841,6.82328612235569,3.34969567959432,"Actual"
"Federation",31.061337,969,925,976,897,5.06259503302697,5.11198778835654,6.7990558620588,3.43596386251207,"Actual"
"Forbes",37.070656,969,941,977,938,5.06259503302697,5.10594547390058,6.84374994900622,3.6128257132564,"Actual"
"Georges River",19.841595,1011,1048,999,1060,4.75359019110636,4.96284463025991,6.96602418710611,2.98778049177053,"Actual"
"Gilgandra",40.685322,930,913,955,923,5.28320372873799,5.23110861685459,6.82762923450285,3.70586738858209,"Actual"
"Glen Innes Severn",73.913141,906,891,929,907,5.39816270151775,5.36129216570943,6.81014245011514,4.30289063352605,"Actual"
"Goulburn Mulwaree",24.66961,972,945,985,926,5.04342511691925,5.05624580534831,6.83087423464618,3.2055721217418,"Actual"
"Greater Hume Shire",16.479585,999,964,1018,956,4.85203026391962,4.82028156560504,6.8627579130514,2.80212234212542,"Actual"
"Griffith",41.834023,974,950,985,920,5.03043792139244,5.05624580534831,6.82437367004309,3.73370995582361,"Actual"
"Gunnedah",37.866302,967,940,989,909,5.07517381523383,5.03043792139244,6.81234509417748,3.63406158729088,"Actual"
"Gwydir",74.526487,957,936,978,947,5.13579843705026,5.0998664278242,6.85329909318608,4.31115459240097,"Actual"
"Hawkesbury",21.440888,1026,1008,1056,969,4.61512051684126,4.45434729625351,6.87626461189077,3.06529975325535,"Actual"
"Hay",27.192386,956,926,950,903,5.14166355650266,5.25749537202778,6.80572255341699,3.30293700764464,"Actual"
"Hilltops",26.450511,954,929,974,927,5.15329159449778,5.12396397940326,6.83195356556585,3.27527547758839,"Actual"
"Hornsby",18.176,1082,1116,1082,1121,3.80666248977032,4.0943445622221,7.02197642307216,2.90010204253874,"Actual"
"Hunters Hill",26.847194,1101,1156,1088,1163,3.25809653802148,3.98898404656427,7.05875815251866,3.290161308976,"Actual"
"Inner West",17.98929,1057,1118,993,1141,4.24849524204936,5.00394630594546,7.03966034986208,2.88977658081342,"Actual"
"Inverell",38.933644,928,906,950,899,5.29330482472449,5.25749537202778,6.80128303447162,3.66185876114624,"Actual"
"Junee",21.838704,934,918,977,904,5.26269018890489,5.10594547390058,6.80682936039218,3.08368380845664,"Actual"
"Kempsey",37.601448,903,881,943,882,5.41164605185504,5.29330482472449,6.78219205600679,3.62704256029263,"Actual"
"Kiama",17.705952,1070,1061,1062,1058,4.04305126783455,4.38202663467388,6.96413561241824,2.87390085423974,"Actual"
"Ku-ring-gai",10.524315,1108,1165,1117,1174,2.94443897916644,3.2188758248682,7.06817200038804,2.35368829431505,"Actual"
"Kyogle",19.288986,921,906,950,929,5.32787616878958,5.25749537202778,6.83410873881384,2.95953425943957,"Actual"
"Lachlan",63.257998,950,936,957,944,5.17614973257383,5.22035582507832,6.8501261661455,4.14722157020631,"Actual"
"Lake Macquarie",25.105087,1004,981,1011,963,4.81218435537242,4.87519732320115,6.87005341179813,3.22307049492579,"Actual"
"Lane Cove",9.1023716,1105,1162,1058,1180,3.09104245335832,4.43081679884331,7.07326971745971,2.20853499495313,"Actual"
"Leeton",27.855159,949,922,979,896,5.18178355029209,5.09375020080676,6.79794041297493,3.32701819158788,"Actual"
"Lismore",28.441091,966,945,970,959,5.08140436498446,5.14749447681345,6.86589107488344,3.34783496566199,"Actual"
"Lithgow",31.198297,935,912,960,889,5.25749537202778,5.2040066870768,6.7900972355139,3.44036350999238,"Actual"
"Liverpool",18.994325,931,968,999,976,5.27811465923052,4.96284463025991,6.88346258641309,2.9441402503409,"Actual"
"Liverpool Plains",20.676645,926,905,951,896,5.30330490805908,5.25227342804663,6.79794041297493,3.02900480243631,"Actual"
"Lockhart",13.249288,976,950,1002,961,5.01727983681492,4.9416424226093,6.86797440897029,2.58394381513935,"Actual"
"Maitland",22.53829,988,963,1015,934,4.93447393313069,4.84418708645859,6.83947643822884,3.11521564060507,"Actual"
"Mid-Coast",40.796006,943,912,963,905,5.21493575760899,5.18738580584075,6.80793494369993,3.7085841844615,"Actual"
"Mid-Western Regional",29.073207,979,949,1002,919,4.99721227376411,4.9416424226093,6.82328612235569,3.36981702840343,"Actual"
"Moree Plains",30.01654,940,932,946,927,5.23110861685459,5.27811465923052,6.83195356556585,3.40174856306711,"Actual"
"Murray River",31.369264,998,965,1007,940,4.85981240436167,4.90527477843843,6.84587987526405,3.44582856002107,"Actual"
"Murrumbidgee",19.952125,983,951,988,937,4.969813299576,5.03695260241363,6.84268328223842,2.99333565395414,"Actual"
"Muswellbrook",24.239486,937,908,972,862,5.24702407216049,5.13579843705026,6.75925527066369,3.18798295635583,"Actual"
"Nambucca Valley",35.835899,920,898,946,906,5.33271879326537,5.27811465923052,6.80903930604298,3.57895015633645,"Actual"
"Narrabri",31.50131,964,936,975,912,5.09375020080676,5.11799381241676,6.81563999007433,3.45002913226845,"Actual"
"Narrandera",75.697049,929,910,950,907,5.28826703069454,5.25749537202778,6.81014245011514,4.3267391768566,"Actual"
"Narromine",36.157647,958,934,980,929,5.12989871492307,5.08759633523238,6.83410873881384,3.58788846150405,"Actual"
"Newcastle",28.580157,1012,1012,976,1023,4.74493212836325,5.11198778835654,6.93049476595163,3.35271266583863,"Actual"
"North Sydney",7.3833948,1096,1164,985,1193,3.43398720448515,5.05624580534831,7.08422642209792,1.99923353284482,"Actual"
"Northern Beaches",11.600789,1089,1125,1087,1109,3.63758615972639,4.00733318523247,7.01121398735037,2.45107311304063,"Actual"
"Oberon",42.474403,978,948,1007,928,5.00394630594546,4.90527477843843,6.8330317327862,3.74890161213256,"Actual"
"Orange",29.630377,997,979,994,972,4.86753445045558,4.99721227376411,6.87935580446044,3.38880008509548,"Actual"
"Parkes",54.344475,946,922,959,914,5.19849703126583,5.20948615284142,6.81783057145415,3.99534295246614,"Actual"
"Parramatta",12.96178,1029,1070,983,1097,4.58496747867057,5.06890420222023,7.00033446027523,2.56200502717209,"Actual"
"Penrith",16.902733,991,981,1015,949,4.91265488573605,4.84418708645859,6.85540879860993,2.82747532483074,"Actual"
"Port Macquarie-Hastings",23.573513,985,958,991,954,4.95582705760126,5.01727983681492,6.86066367144829,3.16012375123857,"Actual"
"Port Stephens",27.419102,982,952,1004,928,4.97673374242057,4.92725368515721,6.8330317327862,3.31123992378023,"Actual"
"Queanbeyan-Palerang Regional",13.547859,1061,1062,1061,1046,4.18965474202643,4.39444915467244,6.95272864462487,2.60622852746115,"Actual"
"Randwick",14.877952,1059,1113,995,1122,4.21950770517611,4.99043258677874,7.02286808608264,2.69988038552386,"Actual"
"Richmond Valley",45.212587,924,892,961,871,5.31320597904179,5.19849703126583,6.7696419768525,3.81137552152298,"Actual"
"Ryde",15.842728,1055,1099,1007,1120,4.27666611901606,4.90527477843843,7.02108396428914,2.76271059377996,"Actual"
"Shellharbour",23.372233,983,962,1014,928,4.969813299576,4.85203026391962,6.8330317327862,3.15154869383641,"Actual"
"Shoalhaven",36.910044,980,949,992,939,4.99043258677874,5.01063529409626,6.84481547920826,3.60848370913006,"Actual"
"Singleton",15.918835,998,965,1032,906,4.85981240436167,4.70048036579242,6.80903930604298,2.76750299934661,"Actual"
"Snowy Monaro Regional",23.797717,1020,991,1006,973,4.67282883446191,4.91265488573605,6.880384082186,3.16958965170664,"Actual"
"Strathfield",11.576624,1011,1066,961,1098,4.75359019110636,5.19849703126583,7.00124562206948,2.44898789250665,"Actual"
"Sutherland Shire",16.477065,1079,1090,1078,1064,3.87120101090789,4.15888308335967,6.96979066990159,2.80196941396039,"Actual"
"Sydney",8.2346761,1031,1126,887,1158,4.56434819146784,5.54126354515843,7.05444965813294,2.10835403073707,"Actual"
"Tamworth Regional",27.762501,961,937,976,923,5.11198778835654,5.11198778835654,6.82762923450285,3.32368622524036,"Actual"
"Temora",14.970337,972,939,980,924,5.04342511691925,5.08759633523238,6.82871207164168,2.7060707098682,"Actual"
"Tenterfield",20.689859,920,903,935,925,5.33271879326537,5.33271879326537,6.82979373751242,3.02964367684781,"Actual"
"The Hills Shire",12.081473,1098,1136,1132,1112,3.36729582998647,2.30258509299405,7.01391547481053,2.49167312215904,"Actual"
"Tweed",27.321265,989,967,995,960,4.92725368515721,4.99043258677874,6.86693328446188,3.30766533670531,"Actual"
"Upper Hunter Shire",26.620954,975,943,999,912,5.02388052084628,4.96284463025991,6.81563999007433,3.28169865004081,"Actual"
"Upper Lachlan Shire",21.792672,1022,995,1038,988,4.65396035015752,4.64439089914137,6.89568269774787,3.08157376649606,"Actual"
"Uralla",43.111585,990,963,1002,977,4.91998092582813,4.9416424226093,6.88448665204278,3.76379175449468,"Actual"
"Wagga Wagga",26.255036,989,971,988,970,4.92725368515721,5.03695260241363,6.87729607149743,3.26785781825628,"Actual"
"Walcha",24.993752,992,970,999,978,4.90527477843843,4.96284463025991,6.88550967003482,3.21862587363299,"Actual"
"Walgett",38.913029,888,896,899,928,5.47646355193151,5.49306144334055,6.8330317327862,3.6613291302786,"Actual"
"Warren",54.889491,962,952,973,955,5.10594547390058,5.12989871492307,6.86171134048073,4.00532190942717,"Actual"
"Warrumbungle Shire",40.945879,927,914,952,929,5.29831736654804,5.24702407216049,6.83410873881384,3.71225117031441,"Actual"
"Waverley",9.4829558,1092,1163,1009,1170,3.55534806148941,4.89034912822175,7.0647590277918,2.24949606091846,"Actual"
"Weddin",60.760375,961,942,978,951,5.11198778835654,5.0998664278242,6.85751406254539,4.10693784953209,"Actual"
"Wentworth",33.020883,974,949,989,941,5.03043792139244,5.03043792139244,6.84694313958538,3.49714017950331,"Actual"
"Willoughby",11.221279,1075,1142,1034,1162,3.95124371858143,4.68213122712422,7.05789793741186,2.41781188646773,"Actual"
"Wingecarribee",28.16263,1045,1031,1055,1020,4.40671924726425,4.46590811865458,6.92755790627832,3.33799592181517,"Actual"
"Wollondilly",12.843415,1041,1020,1093,960,4.45434729625351,3.89182029811063,6.86693328446188,2.55283122863129,"Actual"
"Wollongong",25.725467,1000,1000,993,999,4.84418708645859,5.00394630594546,6.90675477864855,3.24748143510247,"Actual"
"Woollahra",7.9228868,1110,1176,1043,1193,2.83321334405622,4.59511985013459,7.08422642209792,2.06975563436368,"Actual"
"Yass Valley",9.8411419,1065,1062,1094,1047,4.12713438504509,3.87120101090789,6.95368421087054,2.28657175107923,"Actual"
"Unincorporated NSW",37.634541,1046,1025,1034,1000,4.39444915467244,4.68213122712422,6.90775527898214,3.62792227231806,"Actual"
"Alpine",26.020945,1028,989,1006,993,4.59511985013459,4.91265488573605,6.90073066404517,3.25890179064163,"Actual"
"Ararat",32.654996,955,932,964,934,5.14749447681345,5.18178355029209,6.83947643822884,3.48599786086189,"Actual"
"Ballarat",19.209723,986,965,971,978,4.94875989037817,5.14166355650266,6.88550967003482,2.95541655710336,"Actual"
"Banyule",18.881824,1058,1064,1030,1079,4.23410650459726,4.71849887129509,6.98378996525813,2.93819976622038,"Actual"
"Bass Coast",28.431407,993,957,992,962,4.89783979995091,5.01063529409626,6.86901445066571,3.3474944144137,"Actual"
"Baw Baw",24.359814,1003,971,1020,960,4.82028156560504,4.80402104473326,6.86693328446188,3.19293480734457,"Actual"
"Bayside (Vic.)",20.944903,1090,1127,1075,1137,3.61091791264422,4.20469261939097,7.03614849375054,3.04189532321138,"Actual"
"Benalla",40.680036,968,938,973,942,5.06890420222023,5.12989871492307,6.84800527457636,3.70573745613572,"Actual"
"Boroondara",12.428594,1090,1131,1054,1153,3.61091791264422,4.47733681447821,7.05012252026906,2.51999978568958,"Actual"
"Brimbank",22.936441,912,928,961,940,5.37063802812766,5.19849703126583,6.84587987526405,3.13272695581164,"Actual"
"Buloke",48.573557,975,946,966,958,5.02388052084628,5.17048399503815,6.86484777797086,3.88307928818304,"Actual"
"Campaspe",31.319025,965,932,980,921,5.08759633523238,5.08759633523238,6.82546003625531,3.44422574036985,"Actual"
"Cardinia",11.639969,1021,993,1044,975,4.66343909411207,4.58496747867057,6.88243747099785,2.4544447790695,"Actual"
"Casey",13.451716,995,986,1038,978,4.88280192258637,4.64439089914137,6.88550967003482,2.59910668155287,"Actual"
"Central Goldfields",46.272646,898,867,921,871,5.43372200355424,5.39816270151775,6.7696419768525,3.83455098736554,"Actual"
"Colac Otway",25.465248,973,938,984,925,5.03695260241363,5.06259503302697,6.82979373751242,3.2373146991464,"Actual"
"Corangamite",40.982887,985,955,998,948,4.95582705760126,4.969813299576,6.85435450225502,3.71315458932885,"Actual"
"Darebin",24.4269,1018,1044,969,1075,4.69134788222914,5.15329159449778,6.98007594056176,3.19568498405389,"Actual"
"East Gippsland",28.297414,963,931,970,932,5.0998664278242,5.14749447681345,6.83733281468559,3.34277042238209,"Actual"
"Frankston",19.672725,1003,982,1003,981,4.82028156560504,4.93447393313069,6.88857245956536,2.97923315864715,"Actual"
"Gannawarra",62.36369,952,919,964,912,5.16478597392351,5.18178355029209,6.81563999007433,4.13298321498545,"Actual"
"Glen Eira",18.637347,1075,1103,1027,1122,3.95124371858143,4.74493212836325,7.02286808608264,2.92516747080163,"Actual"
"Glenelg",48.11102,952,919,970,911,5.16478597392351,5.14749447681345,6.81454289725996,3.87351125690004,"Actual"
"Golden Plains",8.4213363,1040,997,1076,965,4.46590811865458,4.18965474202643,6.87212810133899,2.13076852112504,"Actual"
"Greater Bendigo",19.190353,985,959,984,964,4.95582705760126,5.06259503302697,6.87109129461055,2.95440770484782,"Actual"
"Greater Dandenong",23.063293,887,918,943,943,5.48063892334199,5.29330482472449,6.84906628263346,3.13824230603345,"Actual"
"Greater Geelong",23.171776,1007,990,997,993,4.78749174278205,4.97673374242057,6.90073066404517,3.14293498634836,"Actual"
"Greater Shepparton",24.704744,944,931,965,941,5.20948615284142,5.17614973257383,6.84694313958538,3.20699528996918,"Actual"
"Hepburn",29.741363,1006,984,1001,1008,4.79579054559674,4.94875989037817,6.91572344863131,3.39253877051309,"Actual"
"Hindmarsh",29.003161,940,923,959,932,5.23110861685459,5.20948615284142,6.83733281468559,3.36740482404641,"Actual"
"Hobsons Bay",21.397205,1021,1034,1003,1043,4.66343909411207,4.93447393313069,6.94985645500077,3.06326030602127,"Actual"
"Horsham",18.798616,990,959,974,955,4.91998092582813,5.12396397940326,6.86171134048073,2.93378325010476,"Actual"
"Hume",13.600518,941,949,1004,958,5.2257466737132,4.92725368515721,6.86484777797086,2.61010788025196,"Actual"
"Indigo",23.683744,1029,996,1031,993,4.58496747867057,4.70953020131233,6.90073066404517,3.16478890562614,"Actual"
"Kingston (Vic.)",20.069301,1044,1048,1026,1051,4.4188406077966,4.75359019110636,6.95749737087695,2.99919133410009,"Actual"
"Knox",14.681273,1042,1029,1041,1021,4.44265125649032,4.61512051684126,6.92853781816467,2.68657273604795,"Actual"
"Latrobe (Vic.)",33.471865,931,907,942,899,5.27811465923052,5.29831736654804,6.80128303447162,3.51070523521253,"Actual"
"Loddon",37.604249,948,925,966,942,5.18738580584075,5.17048399503815,6.84800527457636,3.62711704933038,"Actual"
"Macedon Ranges",13.182221,1063,1047,1077,1039,4.15888308335967,4.17438726989564,6.94601399109923,2.57886902777599,"Actual"
"Manningham",19.682968,1056,1075,1059,1080,4.26267987704132,4.4188406077966,6.98471632011827,2.9797536932611,"Actual"
"Mansfield",16.378313,1028,989,1023,982,4.59511985013459,4.77912349311153,6.88959130835447,2.79595808166795,"Actual"
"Maribyrnong",18.779385,1010,1045,963,1076,4.76217393479776,5.18738580584075,6.98100574072173,2.93275972564007,"Actual"
"Maroondah",15.583727,1041,1035,1030,1042,4.45434729625351,4.71849887129509,6.94889722231331,2.74622722877959,"Actual"
"Melbourne",4.7969224,1017,1086,838,1150,4.70048036579242,5.71702770140622,7.0475172213573,1.56797454561193,"Actual"
"Melton",9.6132596,985,974,1031,962,4.95582705760126,4.70953020131233,6.86901445066571,2.26314335381631,"Actual"
"Mildura",31.509332,940,922,952,923,5.23110861685459,5.24702407216049,6.82762923450285,3.4502837559253,"Actual"
"Mitchell",17.323919,1000,968,1030,945,4.84418708645859,4.71849887129509,6.85118492749374,2.8520881477469,"Actual"
"Moira",33.281414,958,927,975,917,5.12989871492307,5.11799381241676,6.82110747225646,3.50499910303119,"Actual"
"Monash",19.252575,1042,1067,1016,1086,4.44265125649032,4.83628190695148,6.99025650049388,2.95764481802165,"Actual"
"Moonee Valley",20.782274,1041,1060,1006,1069,4.45434729625351,4.91265488573605,6.97447891102505,3.03410041183012,"Actual"
"Moorabool",19.116648,1017,987,1037,969,4.70048036579242,4.65396035015752,6.87626461189077,2.95055957844646,"Actual"
"Moreland",24.951865,1027,1049,969,1079,4.60517018598809,5.15329159449778,6.98378996525813,3.21694856890292,"Actual"
"Mornington Peninsula",19.780343,1038,1016,1038,1011,4.48863636973214,4.64439089914137,6.91869521902047,2.98468866679245,"Actual"
"Mount Alexander",17.107387,1007,987,993,1027,4.78749174278205,5.00394630594546,6.93439720992856,2.83951035853262,"Actual"
"Moyne",17.20049,1029,998,1037,996,4.58496747867057,4.65396035015752,6.9037472575846,2.84493787178571,"Actual"
"Murrindindi",18.99666,1005,971,1012,970,4.80402104473326,4.86753445045558,6.87729607149743,2.94426317423998,"Actual"
"Nillumbik",11.839041,1093,1088,1111,1074,3.52636052461616,3.43398720448515,6.97914527506881,2.47140262955383,"Actual"
"Northern Grampians",30.715528,951,921,959,916,5.17048399503815,5.20948615284142,6.82001636467413,3.42476832476604,"Actual"
"Port Phillip",11.723865,1061,1106,954,1144,4.18965474202643,5.23644196282995,7.04228617193974,2.461626507941,"Actual"
"Pyrenees",22.503666,959,929,982,934,5.12396397940326,5.07517381523383,6.83947643822884,3.11367822927151,"Actual"
"Queenscliffe",24.645718,1082,1067,1029,1089,3.80666248977032,4.72738781871234,6.99301512293296,3.20460317343148,"Actual"
"South Gippsland",36.44933,1003,966,1010,966,4.82028156560504,4.88280192258637,6.87316383421252,3.59592307694142,"Actual"
"Southern Grampians",40.203294,994,962,986,964,4.89034912822175,5.04985600724954,6.87109129461055,3.69394893256656,"Actual"
"Stonnington",11.829441,1084,1130,992,1158,3.76120011569356,5.01063529409626,7.05444965813294,2.4705914241266,"Actual"
"Strathbogie",34.672337,982,954,985,965,4.97673374242057,5.05624580534831,6.87212810133899,3.54594216440528,"Actual"
"Surf Coast",15.211356,1086,1076,1076,1074,3.71357206670431,4.18965474202643,6.97914527506881,2.72204225417118,"Actual"
"Swan Hill",18.772697,941,927,952,921,5.2257466737132,5.24702407216049,6.82546003625531,2.93240352701062,"Actual"
"Towong",45.769715,1001,968,1007,970,4.83628190695148,4.90527477843843,6.87729607149743,3.82362262786006,"Actual"
"Wangaratta",32.018966,988,957,988,959,4.93447393313069,5.03695260241363,6.86589107488344,3.46632841472986,"Actual"
"Warrnambool",22.507641,995,961,982,957,4.88280192258637,5.07517381523383,6.86380339145295,3.11385485155935,"Actual"
"Wellington",34.07066,973,943,985,937,5.03695260241363,5.05624580534831,6.84268328223842,3.52843660336666,"Actual"
"West Wimmera",18.862997,991,971,1003,987,4.91265488573605,4.93447393313069,6.89467003943348,2.93720217232207,"Actual"
"Whitehorse",15.700378,1043,1067,1011,1093,4.43081679884331,4.87519732320115,6.99668148817654,2.75368478849755,"Actual"
"Whittlesea",17.363244,990,981,1018,980,4.91998092582813,4.82028156560504,6.88755257166462,2.85435555813431,"Actual"
"Wodonga",16.657862,973,947,981,948,5.03695260241363,5.08140436498446,6.85435450225502,2.81288229717099,"Actual"
"Wyndham",9.7581442,1006,1004,1026,1007,4.79579054559674,4.75359019110636,6.91473089271856,2.27810223890282,"Actual"
"Yarra",11.82164,1046,1108,942,1149,4.39444915467244,5.29831736654804,7.04664727784876,2.4699317502383,"Actual"
"Yarra Ranges",11.595535,1041,1014,1054,1001,4.45434729625351,4.47733681447821,6.90875477931522,2.45062011022089,"Actual"
"Yarriambiack",33.343499,946,923,958,945,5.19849703126583,5.21493575760899,6.85118492749374,3.50686282082608,"Actual"
"Unincorporated Vic",21.1125951594013,1012,1022,917,1008,4.74493212836325,5.41610040220442,6.91572344863131,3.04986978937782,"Estimated"
"Aurukun",96.49405,501,700,546,833,6.4393503711001,6.39024066706535,6.72503364216684,4.56948134841292,"Actual"
"Balonne",45.57262,943,929,942,929,5.21493575760899,5.29831736654804,6.83410873881384,3.8193070975884,"Actual"
"Banana",21.920512,992,954,998,909,4.90527477843843,4.969813299576,6.81234509417748,3.08742281947126,"Actual"
"Barcaldine",41.78855,1002,971,989,956,4.8283137373023,5.03043792139244,6.8627579130514,3.73262237856186,"Actual"
"Blackall Tambo",41.78855,961,930,976,903,5.11198778835654,5.11198778835654,6.80572255341699,3.73262237856186,"Actual"
"Brisbane",14.373993,1045,1061,1012,1076,4.40671924726425,4.86753445045558,6.98100574072173,2.66542053205573,"Actual"
"Bundaberg",28.417454,924,898,954,891,5.31320597904179,5.23644196282995,6.79234442747081,3.34700353385656,"Actual"
"Burdekin",30.570747,966,923,969,890,5.08140436498446,5.15329159449778,6.79122146272619,3.42004357132549,"Actual"
"Cairns",13.360835,981,966,971,972,4.98360662170834,5.14166355650266,6.87935580446044,2.59232766615546,"Actual"
"Carpentaria",78.61327,851,862,837,852,5.62040086571715,5.72031177660741,6.74758652682932,4.3645405147016,"Actual"
"Cassowary Coast",41.527518,929,902,941,888,5.28826703069454,5.30330490805908,6.78897174299217,3.72635629183072,"Actual"
"Central Highlands (Qld)",13.340562,996,961,1003,914,4.87519732320115,4.93447393313069,6.81783057145415,2.59080916853561,"Actual"
"Charters Towers",26.774658,933,908,945,894,5.26785815906333,5.28320372873799,6.79570577517351,3.28745584314299,"Actual"
"Cherbourg",74.909484,498,660,561,814,6.44413125670044,6.36475075685191,6.70196036600254,4.31628050467015,"Actual"
"Cloncurry",46.690559,965,939,936,903,5.08759633523238,5.32787616878958,6.80572255341699,3.84354198149631,"Actual"
"Cook",17.643735,913,912,885,937,5.36597601502185,5.54907608489522,6.84268328223842,2.8703807628599,"Actual"
"Doomadgee",78.61327,534,696,580,846,6.38519439899773,6.33150184989369,6.74051935960622,4.3645405147016,"Actual"
"Douglas",11.484324,979,944,967,936,4.99721227376411,5.16478597392351,6.84161547647759,2.44098297502698,"Actual"
"Flinders (Qld)",19.265348,970,945,960,930,5.05624580534831,5.2040066870768,6.8351845861473,2.95830804176133,"Actual"
"Fraser Coast",35.626209,915,890,954,886,5.35658627467201,5.23644196282995,6.78671695060508,3.57308157485508,"Actual"
"Gladstone",20.446681,954,926,975,898,5.15329159449778,5.11799381241676,6.8001700683022,3.01782057102851,"Actual"
"Gold Coast",14.37174,1019,1009,1015,1001,4.68213122712422,4.84418708645859,6.90875477931522,2.66526377835565,"Actual"
"Goondiwindi",41.630449,965,938,976,921,5.08759633523238,5.11198778835654,6.82546003625531,3.72883184663995,"Actual"
"Gympie",25.216009,930,896,972,889,5.28320372873799,5.13579843705026,6.7900972355139,3.22747907059165,"Actual"
"Hinchinbrook",21.926218,954,911,953,884,5.15329159449778,5.24174701505964,6.78445706263764,3.0876830897369,"Actual"
"Ipswich",18.208864,958,940,980,934,5.12989871492307,5.08759633523238,6.83947643822884,2.90190850848772,"Actual"
"Isaac",6.3966664,1012,971,993,905,4.74493212836325,5.00394630594546,6.80793494369993,1.85577697966312,"Actual"
"Kowanyama",34.203626,528,686,509,765,6.39526159811545,6.45047042214418,6.63987583382654,3.53233166184029,"Actual"
"Livingstone",21.741831,1005,970,1030,935,4.80402104473326,4.71849887129509,6.84054652928869,3.07923810077763,"Actual"
"Lockyer Valley",22.938049,948,921,997,902,5.18738580584075,4.97673374242057,6.80461452006262,3.13279706013327,"Actual"
"Logan",18.385525,944,930,985,916,5.20948615284142,5.05624580534831,6.82001636467413,2.91156367023348,"Actual"
"Mackay",17.98642,999,961,1007,917,4.85203026391962,4.90527477843843,6.82110747225646,2.88961702871529,"Actual"
"McKinlay",19.265348,1014,977,1017,937,4.72738781871234,4.8283137373023,6.84268328223842,2.95830804176133,"Actual"
"Maranoa",27.87371,995,966,988,944,4.88280192258637,5.03695260241363,6.8501261661455,3.32768395068252,"Actual"
"Mareeba",21.992135,937,921,952,922,5.24702407216049,5.24702407216049,6.82654522355659,3.09068488943996,"Actual"
"Moreton Bay",18.38876,992,970,1012,955,4.90527477843843,4.86753445045558,6.86171134048073,2.91173960839289,"Actual"
"Mornington",78.61327,609,747,588,899,6.24997524225948,6.31716468674728,6.80128303447162,4.3645405147016,"Actual"
"Mount Isa",31.070373,972,954,938,927,5.04342511691925,5.31811999384422,6.83195356556585,3.43625472848256,"Actual"
"Murweh",28.728753,948,930,943,930,5.18738580584075,5.29330482472449,6.8351845861473,3.35789846794201,"Actual"
"Noosa",17.417272,1030,1009,1029,1003,4.57471097850338,4.72738781871234,6.91075078796194,2.8574623575537,"Actual"
"North Burnett",34.871556,902,888,943,887,5.41610040220442,5.29330482472449,6.78784498230958,3.55167148257699,"Actual"
"Northern Peninsula Area",34.3619,702,792,636,881,6.05208916892442,6.22653666928747,6.78105762593618,3.53694839244405,"Actual"
"Palm Island",43.478261,567,707,570,851,6.32793678372919,6.3491389913798,6.74641212857337,3.77226106605299,"Actual"
"Paroo",36.041231,866,884,857,921,5.56452040732269,5.65248918026865,6.82546003625531,3.5846635886496,"Actual"
"Redland",17.271506,1024,1003,1041,979,4.63472898822964,4.61512051684126,6.88653164253051,2.84905809159922,"Actual"
"Rockhampton",25.843825,949,924,960,910,5.18178355029209,5.2040066870768,6.8134445995109,3.25207169427538,"Actual"
"Scenic Rim",27.118766,986,959,1019,949,4.94875989037817,4.81218435537242,6.85540879860993,3.30022596056205,"Actual"
"Somerset",26.827868,944,913,998,896,5.20948615284142,4.969813299576,6.79794041297493,3.28944119799279,"Actual"
"South Burnett",42.158408,907,885,945,888,5.39362754635236,5.28320372873799,6.78897174299217,3.74143414260933,"Actual"
"Southern Downs",23.625373,939,909,964,900,5.23644196282995,5.18178355029209,6.80239476332431,3.16232126161496,"Actual"
"Sunshine Coast",15.728438,1022,1001,1023,991,4.65396035015752,4.77912349311153,6.89871453432999,2.75547041144024,"Actual"
"Tablelands",37.595619,955,926,961,924,5.14749447681345,5.19849703126583,6.82871207164168,3.62688752764989,"Actual"
"Toowoomba",25.666093,979,959,983,959,4.99721227376411,5.06890420222023,6.86589107488344,3.24517078228644,"Actual"
"Torres",54.665719,904,939,824,981,5.40717177146012,5.76205138278018,6.88857245956536,4.00123680363998,"Actual"
"Torres Strait Island",53.676865,649,777,628,885,6.16961073249146,6.24222326545517,6.78558764500793,3.98298208931864,"Actual"
"Townsville",22.362116,990,966,981,962,4.91998092582813,5.08140436498446,6.86901445066571,3.10736827708316,"Actual"
"Western Downs",36.082074,946,922,969,912,5.19849703126583,5.15329159449778,6.81563999007433,3.58579617691261,"Actual"
"Whitsunday",18.139443,969,935,977,899,5.06259503302697,5.10594547390058,6.80128303447162,2.89808873859263,"Actual"
"Winton",36.84259,993,959,972,932,4.89783979995091,5.13579843705026,6.83733281468559,3.60665451293327,"Actual"
"Yarrabah",83.701111,512,678,569,788,6.42162226780652,6.35088571671474,6.66949808985788,4.42725225100351,"Actual"
"Adelaide",11.91119,1002,1058,856,1137,4.8283137373023,5.65599181081985,7.03614849375054,2.47747829441288,"Actual"
"Adelaide Hills",11.044743,1081,1066,1083,1070,3.8286413964891,4.07753744390572,6.97541392745595,2.40195456815411,"Actual"
"Adelaide Plains",8.4623847,988,943,1040,894,4.93447393313069,4.62497281328427,6.79570577517351,2.13563101333021,"Actual"
"Alexandrina",24.711936,988,949,1007,941,4.93447393313069,4.90527477843843,6.84694313958538,3.20728636577803,"Actual"
"Anangu Pitjantjatjara Yunkunytjatjara",79.668579,496,706,519,889,6.44730586254121,6.43454651878745,6.7900972355139,4.37787526715941,"Actual"
"Barossa",33.354892,1014,976,1025,955,4.72738781871234,4.76217393479776,6.86171134048073,3.50720444826087,"Actual"
"Barunga West",86.652848,950,932,966,947,5.17614973257383,5.17048399503815,6.85329909318608,4.46190988348068,"Actual"
"Berri Barmera",45.97665,907,887,929,882,5.39362754635236,5.36129216570943,6.78219205600679,3.82813365891653,"Actual"
"Burnside",17.773385,1083,1102,1050,1131,3.78418963391826,4.52178857704904,7.03085747611612,2.87770211361492,"Actual"
"Campbelltown (SA)",31.087136,1021,1012,990,1030,4.66343909411207,5.02388052084628,6.93731408122368,3.43679410017477,"Actual"
"Ceduna",56.378748,943,927,928,926,5.21493575760899,5.36597601502185,6.83087423464618,4.03209227898321,"Actual"
"Charles Sturt",26.515217,1001,993,969,1005,4.83628190695148,5.15329159449778,6.91274282049318,3.27771879460237,"Actual"
"Clare and Gilbert Valleys",28.396214,998,963,994,960,4.85981240436167,4.99721227376411,6.86693328446188,3.34625582642146,"Actual"
"Cleve",27.840935,989,952,988,949,4.92725368515721,5.03695260241363,6.85540879860993,3.32650741967238,"Actual"
"Coober Pedy",57.816836,868,868,832,868,5.55682806169954,5.73657229747919,6.76619171466035,4.05728001354128,"Actual"
"Copper Coast",42.745018,924,892,950,873,5.31320597904179,5.25749537202778,6.7719355558396,3.75525265057999,"Actual"
"Elliston",26.845647,959,952,962,988,5.12396397940326,5.19295685089021,6.89568269774787,3.29010368490651,"Actual"
"Franklin Harbour",27.840935,959,923,970,906,5.12396397940326,5.14749447681345,6.80903930604298,3.32650741967238,"Actual"
"Gawler",18.599411,960,931,968,926,5.11799381241676,5.15905529921453,6.83087423464618,2.92312991355109,"Actual"
"Goyder",23.878886,947,914,957,919,5.19295685089021,5.22035582507832,6.82328612235569,3.17299463752001,"Actual"
"Grant",27.359727,1026,974,1055,927,4.61512051684126,4.46590811865458,6.83195356556585,3.30907211463439,"Actual"
"Holdfast Bay",20.032673,1047,1044,999,1062,4.38202663467388,4.96284463025991,6.96790920180188,2.99736459059935,"Actual"
"Kangaroo Island",20.33519,991,952,982,945,4.91265488573605,5.07517381523383,6.85118492749374,3.01235288281197,"Actual"
"Karoonda East Murray",32.388572,956,930,975,946,5.14166355650266,5.11799381241676,6.85224256905188,3.47780564452996,"Actual"
"Kimba",27.840935,1020,985,1007,986,4.67282883446191,4.90527477843843,6.89365635460264,3.32650741967238,"Actual"
"Kingston (SA)",30.994937,977,942,987,910,5.01063529409626,5.04342511691925,6.8134445995109,3.43382386856592,"Actual"
"Light",14.566217,1027,981,1055,949,4.60517018598809,4.46590811865458,6.85540879860993,2.67870494339174,"Actual"
"Lower Eyre Peninsula",29.203092,1033,982,1037,953,4.54329478227,4.65396035015752,6.8596149036542,3.3742745940792,"Actual"
"Loxton Waikerie",33.141909,958,925,967,911,5.12989871492307,5.16478597392351,6.81454289725996,3.50079861444317,"Actual"
"Marion",16.812286,1008,994,974,1013,4.77912349311153,5.12396397940326,6.92067150424868,2.82210992865651,"Actual"
"Mid Murray",27.082025,914,882,952,874,5.36129216570943,5.24702407216049,6.77308037565554,3.29887022368258,"Actual"
"Mitcham",19.373874,1075,1073,1050,1094,3.95124371858143,4.52178857704904,6.99759598298193,2.96392545742157,"Actual"
"Mount Barker",17.889563,1037,1004,1038,1002,4.49980967033027,4.64439089914137,6.90975328164481,2.88421747016806,"Actual"
"Mount Gambier",24.823868,924,893,928,883,5.31320597904179,5.36597601502185,6.78332520060396,3.2118056096972,"Actual"
"Mount Remarkable",51.1222,974,950,990,958,5.03043792139244,5.02388052084628,6.86484777797086,3.934218845137,"Actual"
"Murray Bridge",29.798003,891,866,923,853,5.46383180502561,5.3890717298165,6.74875954749168,3.39444137784304,"Actual"
"Naracoorte Lucindale",13.677708,978,949,986,929,5.00394630594546,5.04985600724954,6.83410873881384,2.61576735429772,"Actual"
"Northern Areas",25.766555,979,948,975,957,4.99721227376411,5.11799381241676,6.86380339145295,3.24907733315132,"Actual"
"Norwood Payneham and St Peters",25.110593,1038,1052,974,1090,4.48863636973214,5.12396397940326,6.99393297522319,3.22328978897985,"Actual"
"Onkaparinga",19.639951,987,951,991,945,4.9416424226093,5.01727983681492,6.85118492749374,2.97756580801486,"Actual"
"Orroroo Carrieton",50.68351,1006,980,1000,986,4.79579054559674,4.95582705760126,6.89365635460264,3.92560061114468,"Actual"
"Peterborough",51.210769,773,783,853,825,5.86929691313377,5.66642668811243,6.71538338633468,3.93594984196003,"Actual"
"Playford",22.219123,852,850,911,852,5.61677109766657,5.44241771052179,6.74758652682932,3.10095331448567,"Actual"
"Port Adelaide Enfield",23.638105,953,953,937,978,5.15905529921453,5.32300997913841,6.88550967003482,3.16286002858035,"Actual"
"Port Augusta",48.740938,889,877,892,870,5.47227067367148,5.52146091786225,6.76849321164863,3.88651929298521,"Actual"
"Port Lincoln",16.879876,948,915,936,900,5.18738580584075,5.32787616878958,6.80239476332431,2.82612214316927,"Actual"
"Port Pirie",25.033644,889,868,902,866,5.47227067367148,5.48063892334199,6.76388490856244,3.22022068014481,"Actual"
"Prospect",21.020692,1054,1058,1000,1085,4.29045944114839,4.95582705760126,6.98933526597456,3.04550728593451,"Actual"
"Renmark Paringa",18.086817,923,899,949,879,5.31811999384422,5.26269018890489,6.77878489768518,2.89518333036005,"Actual"
"Robe",30.994937,1023,984,1006,965,4.64439089914137,4.91265488573605,6.87212810133899,3.43382386856592,"Actual"
"Salisbury",20.931131,904,898,945,902,5.40717177146012,5.28320372873799,6.80461452006262,3.04123757226503,"Actual"
"Southern Mallee",32.743034,997,962,985,944,4.86753445045558,5.05624580534831,6.8501261661455,3.48869023716684,"Actual"
"Streaky Bay",26.825627,1000,960,977,945,4.84418708645859,5.10594547390058,6.85118492749374,3.28935766196215,"Actual"
"Tatiara",22.979921,982,950,1004,926,4.97673374242057,4.92725368515721,6.83087423464618,3.13462083464272,"Actual"
"Tea Tree Gully",17.866395,1030,996,1016,985,4.57471097850338,4.83628190695148,6.89264164117209,2.88292157406917,"Actual"
"Coorong",28.722236,939,911,956,910,5.23644196282995,5.2257466737132,6.8134445995109,3.35767159630267,"Actual"
"Tumby Bay",35.138037,993,954,979,955,4.89783979995091,5.09375020080676,6.86171134048073,3.55928421893337,"Actual"
"Unley",29.540141,1067,1084,1014,1119,4.0943445622221,4.85203026391962,7.02019070831193,3.38575005028074,"Actual"
"Victor Harbor",29.766213,962,927,970,925,5.10594547390058,5.14749447681345,6.82979373751242,3.39337395833672,"Actual"
"Wakefield",86.97633,921,897,957,892,5.32787616878958,5.22035582507832,6.79346613258001,4.46563601267159,"Actual"
"Wattle Range",21.700701,942,906,963,892,5.22035582507832,5.18738580584075,6.79346613258001,3.07734456417211,"Actual"
"West Torrens",26.317115,1015,1010,960,1029,4.71849887129509,5.2040066870768,6.93634273583405,3.27021948798723,"Actual"
"Whyalla",35.398394,883,868,879,865,5.4971682252932,5.57215403217776,6.76272950693188,3.56666645187897,"Actual"
"Wudinna",26.882492,1009,972,987,959,4.77068462446567,5.04342511691925,6.86589107488344,3.29147521969113,"Actual"
"Yankalilla",31.783428,978,942,991,938,5.00394630594546,5.01727983681492,6.84374994900622,3.45894502187414,"Actual"
"Yorke Peninsula",63.805198,952,918,961,910,5.16478597392351,5.19849703126583,6.8134445995109,4.1558346603862,"Actual"
"Unincorporated SA",25.12894,905,904,865,895,5.40267738187228,5.62401750618734,6.79682371827486,3.22402017000531,"Actual"
"Albany",24.569018,987,955,997,941,4.9416424226093,4.97673374242057,6.84694313958538,3.2014862182944,"Actual"
"Armadale",12.675047,990,971,1025,947,4.91998092582813,4.76217393479776,6.85329909318608,2.53963525755716,"Actual"
"Ashburton",7.9771853,1024,979,973,902,4.63472898822964,5.12989871492307,6.80461452006262,2.07658562994339,"Actual"
"Augusta Margaret River",9.8339341,1031,999,1036,993,4.56434819146784,4.66343909411207,6.90073066404517,2.2858390677267,"Actual"
"Bassendean",17.363264,1015,1005,994,1015,4.71849887129509,4.99721227376411,6.92264389147589,2.85435670999213,"Actual"
"Bayswater",24.874693,1018,1017,994,1028,4.69134788222914,4.99721227376411,6.93537044601511,3.21385094125995,"Actual"
"Belmont",19.159635,987,985,953,995,4.9416424226093,5.24174701505964,6.90274273715859,2.95280572225687,"Actual"
"Beverley",41.410985,956,932,986,927,5.14166355650266,5.04985600724954,6.83195356556585,3.72354618379957,"Actual"
"Boddington",15.980823,976,944,1011,894,5.01727983681492,4.87519732320115,6.79570577517351,2.7713894408893,"Actual"
"Boyup Brook",20.318714,995,969,1006,972,4.88280192258637,4.91265488573605,6.87935580446044,3.01154233330597,"Actual"
"Bridgetown-Greenbushes",20.318714,1000,962,1018,945,4.84418708645859,4.82028156560504,6.85118492749374,3.01154233330597,"Actual"
"Brookton",32.783302,944,919,984,894,5.20948615284142,5.06259503302697,6.79570577517351,3.48991930039629,"Actual"
"Broome",24.805824,962,983,934,985,5.10594547390058,5.33753807970132,6.89264164117209,3.21107846431032,"Actual"
"Broomehill-Tambellup",14.190436,961,961,1000,988,5.11198778835654,4.95582705760126,6.89568269774787,2.65256821656321,"Actual"
"Bruce Rock",27.381185,979,958,989,952,4.99721227376411,5.03043792139244,6.85856503479136,3.30985609869001,"Actual"
"Bunbury",25.528424,944,921,951,907,5.20948615284142,5.25227342804663,6.81014245011514,3.23979249805142,"Actual"
"Busselton",15.89068,1019,985,1038,958,4.68213122712422,4.64439089914137,6.86484777797086,2.76573277384317,"Actual"
"Cambridge",17.179767,1113,1153,1107,1160,2.63905732961526,3.55534806148941,7.05617528410041,2.84373235418242,"Actual"
"Canning",20.151321,1023,1024,1011,1033,4.64439089914137,4.87519732320115,6.94022246911964,3.00326984455649,"Actual"
"Carnarvon",50.674752,926,918,913,908,5.30330490805908,5.43372200355424,6.81124437860129,3.92542779839417,"Actual"
"Chapman Valley",15.156799,1027,999,1057,959,4.60517018598809,4.44265125649032,6.86589107488344,2.71844921016214,"Actual"
"Chittering",17.101618,1030,1003,1100,947,4.57471097850338,3.73766961828337,6.85329909318608,2.83917307891548,"Actual"
"Claremont",21.181443,1081,1124,1043,1157,3.8286413964891,4.59511985013459,7.05358572719368,3.05312546816411,"Actual"
"Cockburn",11.887566,1033,1020,1042,1002,4.54329478227,4.60517018598809,6.90975328164481,2.47549297990657,"Actual"
"Collie",28.996498,908,872,958,824,5.3890717298165,5.21493575760899,6.71417052990947,3.36717506407388,"Actual"
"Coolgardie",22.034197,897,874,923,829,5.4380793089232,5.3890717298165,6.7202201551353,3.09259565560587,"Actual"
"Coorow",15.045135,978,940,1001,916,5.00394630594546,4.94875989037817,6.82001636467413,2.71105468312251,"Actual"
"Corrigin",32.783302,1023,982,1025,971,4.64439089914137,4.76217393479776,6.87832646829133,3.48991930039629,"Actual"
"Cottesloe",17.670916,1112,1157,1086,1175,2.70805020110221,4.02535169073515,7.06902342657826,2.8719201242636,"Actual"
"Cranbrook",14.190436,964,951,987,965,5.09375020080676,5.04342511691925,6.87212810133899,2.65256821656321,"Actual"
"Cuballing",20.118296,972,946,1002,923,5.04342511691925,4.9416424226093,6.82762923450285,3.00162964979607,"Actual"
"Cunderdin",30.090271,1008,964,990,939,4.77912349311153,5.02388052084628,6.84481547920826,3.40420189691579,"Actual"
"Dalwallinu",12.7421,1056,1024,1039,1011,4.26267987704132,4.63472898822964,6.91869521902047,2.54491147172503,"Actual"
"Dandaragan",20.269357,995,961,1014,925,4.88280192258637,4.85203026391962,6.82979373751242,3.00911023820447,"Actual"
"Dardanup",30.280594,1006,961,1040,906,4.79579054559674,4.62497281328427,6.80903930604298,3.41050704528569,"Actual"
"Denmark",19.091256,1003,981,1003,1014,4.82028156560504,4.93447393313069,6.92165818415113,2.94923042918257,"Actual"
"Derby-West Kimberley",69.760155,734,818,731,899,5.97380961186926,6.01859321449623,6.80128303447162,4.24506300150193,"Actual"
"Donnybrook-Balingup",16.251178,987,961,1025,934,4.9416424226093,4.76217393479776,6.83947643822884,2.788165398456,"Actual"
"Dowerin",25.253801,983,970,977,992,4.969813299576,5.10594547390058,6.89972310728487,3.22897667904563,"Actual"
"East Fremantle",12.580515,1082,1109,1066,1123,3.80666248977032,4.33073334028633,7.02375895473844,2.53214918843118,"Actual"
"East Pilbara",7.1527939,939,946,893,929,5.23644196282995,5.51745289646471,6.83410873881384,1.96750303562572,"Actual"
"Esperance",27.894091,995,960,1002,926,4.88280192258637,4.9416424226093,6.83087423464618,3.32841487428151,"Actual"
"Exmouth",4.2985347,1038,1002,997,946,4.48863636973214,4.97673374242057,6.85224256905188,1.45827419718324,"Actual"
"Fremantle",21.117014,1031,1054,991,1093,4.56434819146784,5.01727983681492,6.99668148817654,3.05007906626684,"Actual"
"Gingin",20.269357,975,947,1018,910,5.02388052084628,4.82028156560504,6.8134445995109,3.00911023820447,"Actual"
"Goomalling",25.253801,998,959,997,940,4.85981240436167,4.97673374242057,6.84587987526405,3.22897667904563,"Actual"
"Gosnells",17.253224,975,962,1010,944,5.02388052084628,4.88280192258637,6.8501261661455,2.84799902456474,"Actual"
"Greater Geraldton",27.125693,965,941,984,917,5.08759633523238,5.06259503302697,6.82110747225646,3.30048135992137,"Actual"
"Halls Creek",72.636416,540,702,572,836,6.3750248198281,6.3456363608286,6.7286286130847,4.28546639386877,"Actual"
"Harvey",14.700675,998,960,1042,907,4.85981240436167,4.60517018598809,6.81014245011514,2.68789341109782,"Actual"
"Irwin",43.346337,966,931,984,898,5.08140436498446,5.06259503302697,6.8001700683022,3.76922220138647,"Actual"
"Joondalup",10.04717,1072,1061,1085,1038,4.00733318523247,4.04305126783455,6.94505106372583,2.3072910028108,"Actual"
"Kalamunda",13.334306,1034,1009,1053,977,4.53259949315326,4.48863636973214,6.88448665204278,2.5903401127851,"Actual"
"Kalgoorlie-Boulder",13.171245,1008,980,1010,920,4.77912349311153,4.88280192258637,6.82437367004309,2.57803604431684,"Actual"
"Karratha",8.7379555,1052,1035,1019,956,4.31748811353631,4.81218435537242,6.8627579130514,2.16767623781772,"Actual"
"Katanning",38.773048,907,898,943,876,5.39362754635236,5.29330482472449,6.77536609093639,3.65772536608039,"Actual"
"Kellerberrin",30.090271,920,899,941,900,5.33271879326537,5.30330490805908,6.80239476332431,3.40420189691579,"Actual"
"Kojonup",14.190436,997,979,999,983,4.86753445045558,4.96284463025991,6.89060912014717,2.65256821656321,"Actual"
"Kondinin",23.9872137810794,978,959,993,958,5.00394630594546,5.00394630594546,6.86484777797086,3.17752092925969,"Estimated"
"Kwinana",10.28296,971,949,1003,925,5.04985600724954,4.93447393313069,6.82979373751242,2.33048815632409,"Actual"
"Lake Grace",9.146202,1051,1022,1040,1013,4.33073334028633,4.62497281328427,6.92067150424868,2.21333871114985,"Actual"
"Laverton",19.744116,751,813,738,904,5.92958914338989,6.00141487796115,6.80682936039218,2.98285552290831,"Actual"
"Leonora",19.744116,948,924,922,879,5.18738580584075,5.39362754635236,6.77878489768518,2.98285552290831,"Actual"
"Mandurah",24.639115,959,936,998,912,5.12396397940326,4.969813299576,6.81563999007433,3.20433522081249,"Actual"
"Manjimup",15.602927,959,928,982,908,5.12396397940326,5.07517381523383,6.81124437860129,2.74745852486065,"Actual"
"Meekatharra",43.556717,848,871,831,896,5.63121178182137,5.73979291217923,6.79794041297493,3.77406392791504,"Actual"
"Melville",18.149667,1070,1081,1058,1086,4.04305126783455,4.43081679884331,6.99025650049388,2.89865221343511,"Actual"
"Merredin",27.381185,971,937,971,914,5.04985600724954,5.14166355650266,6.81783057145415,3.30985609869001,"Actual"
"Moora",12.7421,959,935,975,918,5.12396397940326,5.11799381241676,6.82219739062049,2.54491147172503,"Actual"
"Mosman Park",10.903936,1061,1107,1047,1135,4.18965474202643,4.55387689160054,7.0343879299155,2.38912382497128,"Actual"
"Mundaring",15.607116,1042,1020,1072,992,4.44265125649032,4.24849524204936,6.89972310728487,2.74772696409511,"Actual"
"Murray",17.622361,962,931,1026,884,5.10594547390058,4.75359019110636,6.78445706263764,2.86916860699115,"Actual"
"Nannup",22.937413,978,955,988,952,5.00394630594546,5.03695260241363,6.85856503479136,3.13276933289206,"Actual"
"Narembeen",27.381185,1028,997,1035,969,4.59511985013459,4.67282883446191,6.87626461189077,3.30985609869001,"Actual"
"Narrogin",33.444056,964,942,955,927,5.09375020080676,5.23110861685459,6.83195356556585,3.50987407272727,"Actual"
"Nedlands",8.6429084,1115,1159,1108,1176,2.484906649788,3.52636052461616,7.06987412845857,2.15673914654241,"Actual"
"Ngaanyatjarraku",19.744116,509,717,541,885,6.42648845745769,6.39859493453521,6.78558764500793,2.98285552290831,"Actual"
"Northam",29.408712,938,914,974,892,5.24174701505964,5.12396397940326,6.79346613258001,3.38129095697921,"Actual"
"Peppermint Grove",10.903936,1111,1161,1120,1161,2.77258872223978,3.09104245335832,7.05703698169789,2.38912382497128,"Actual"
"Perth",7.9149767,1040,1081,901,1128,4.46590811865458,5.48479693349065,7.028201432058,2.06875674955101,"Actual"
"Pingelly",32.783302,907,900,931,917,5.39362754635236,5.35185813347607,6.82110747225646,3.48991930039629,"Actual"
"Plantagenet",37.278658,949,929,989,935,5.18178355029209,5.03043792139244,6.84054652928869,3.61842099131538,"Actual"
"Port Hedland",25.670638,1011,997,972,933,4.75359019110636,5.13579843705026,6.83840520084734,3.24534784848927,"Actual"
"Quairading",30.090271,964,941,981,939,5.09375020080676,5.08140436498446,6.84481547920826,3.40420189691579,"Actual"
"Ravensthorpe",20.229606,1002,970,983,949,4.8283137373023,5.06890420222023,6.85540879860993,3.00714717496429,"Actual"
"Rockingham",11.499827,989,962,1025,929,4.92725368515721,4.76217393479776,6.83410873881384,2.44233199177779,"Actual"
"Serpentine-Jarrahdale",10.212034,1028,995,1090,935,4.59511985013459,3.95124371858143,6.84054652928869,2.32356682879007,"Actual"
"South Perth",20.63604,1066,1086,1015,1114,4.11087386417331,4.84418708645859,7.01571242048723,3.02703906174067,"Actual"
"Stirling",17.282586,1027,1035,1005,1048,4.60517018598809,4.91998092582813,6.95463886488099,2.84969940495683,"Actual"
"Subiaco",19.005243,1079,1119,1009,1167,3.87120101090789,4.89034912822175,7.06219163228656,2.94471488846839,"Actual"
"Swan",14.44885,995,974,1033,944,4.88280192258637,4.69134788222914,6.8501261661455,2.67061482661632,"Actual"
"Tammin",30.090271,959,942,974,948,5.12396397940326,5.12396397940326,6.85435450225502,3.40420189691579,"Actual"
"Toodyay",21.777952,986,952,1018,931,4.94875989037817,4.82028156560504,6.83625927727707,3.0808980818623,"Actual"
"Victoria Park",21.631517,1030,1042,965,1071,4.57471097850338,5.17614973257383,6.97634807044775,3.07415137157873,"Actual"
"Victoria Plains",12.7421,1028,1004,1031,978,4.59511985013459,4.70953020131233,6.88550967003482,2.54491147172503,"Actual"
"Vincent",20.031148,1068,1097,1000,1126,4.07753744390572,4.95582705760126,7.02642680869964,2.9972884620643,"Actual"
"Wagin",20.118296,947,921,970,906,5.19295685089021,5.14749447681345,6.80903930604298,3.00162964979607,"Actual"
"Wandering",32.783302,1004,982,1038,962,4.81218435537242,4.64439089914137,6.86901445066571,3.48991930039629,"Actual"
"Wanneroo",11.820343,1005,988,1048,961,4.80402104473326,4.54329478227,6.86797440897029,2.46982203016944,"Actual"
"Waroona",56.303664,936,908,999,860,5.25227342804663,4.96284463025991,6.75693238924755,4.03075961295699,"Actual"
"West Arthur",20.118296,1028,1007,1017,1008,4.59511985013459,4.8283137373023,6.91572344863131,3.00162964979607,"Actual"
"Williams",20.118296,1030,1008,1039,1006,4.57471097850338,4.63472898822964,6.91373735065968,3.00162964979607,"Actual"
"Wongan-Ballidu",25.253801,963,936,971,936,5.0998664278242,5.14166355650266,6.84161547647759,3.22897667904563,"Actual"
"Wyndham-East Kimberley",36.07044,899,934,860,965,5.42934562895444,5.64190707093811,6.87212810133899,3.58547369334396,"Actual"
"Yilgarn",19.103413,973,955,965,916,5.03695260241363,5.17614973257383,6.82001636467413,2.94986701018871,"Actual"
"York",41.410985,968,938,980,934,5.06890420222023,5.08759633523238,6.83947643822884,3.72354618379957,"Actual"
"Break O'Day",91.212534,911,881,930,896,5.37527840768417,5.35658627467201,6.79794041297493,4.5131923218476,"Actual"
"Brighton",22.193019,885,862,924,849,5.48893772615669,5.38449506278909,6.74405918631135,3.09977777996603,"Actual"
"Burnie",32.898296,920,895,924,890,5.33271879326537,5.38449506278909,6.79122146272619,3.49342086311694,"Actual"
"Central Coast (Tas.)",42.834633,958,923,969,914,5.12989871492307,5.15329159449778,6.81783057145415,3.75734695761929,"Actual"
"Circular Head",43.764634,943,908,966,884,5.21493575760899,5.17048399503815,6.78445706263764,3.77882604830241,"Actual"
"Clarence",21.522426,1009,989,992,992,4.77068462446567,5.01063529409626,6.89972310728487,3.06909546128178,"Actual"
"Devonport",36.344714,906,883,920,884,5.39816270151775,5.40267738187228,6.78445706263764,3.59304877387276,"Actual"
"Dorset",37.846852,932,900,957,887,5.27299955856375,5.22035582507832,6.78784498230958,3.6335478060151,"Actual"
"Flinders (Tas.)",42.202996,963,947,941,968,5.0998664278242,5.30330490805908,6.87523208727658,3.74249121378259,"Actual"
"George Town",36.211699,860,846,906,846,5.58724865840025,5.46383180502561,6.74051935960622,3.58938224341693,"Actual"
"Glamorgan-Spring Bay",49.662211,950,924,962,920,5.17614973257383,5.19295685089021,6.82437367004309,3.90524430184364,"Actual"
"Glenorchy",31.034781,927,911,914,918,5.29831736654804,5.42934562895444,6.82219739062049,3.43510854329166,"Actual"
"Hobart",18.014551,1046,1062,970,1104,4.39444915467244,5.14749447681345,7.00669522683704,2.89117982021474,"Actual"
"Huon Valley",25.643866,974,946,985,958,5.03043792139244,5.05624580534831,6.86484777797086,3.2443044007175,"Actual"
"Kentish",33.572238,953,918,986,898,5.15905529921453,5.04985600724954,6.8001700683022,3.51369947543649,"Actual"
"Kingborough",19.743285,1038,1020,1013,1039,4.48863636973214,4.85981240436167,6.94601399109923,2.98281343353403,"Actual"
"Latrobe (Tas.)",47.685379,974,928,982,905,5.03043792139244,5.07517381523383,6.80793494369993,3.86462483099132,"Actual"
"Launceston",38.833069,939,926,929,941,5.23644196282995,5.36129216570943,6.84694313958538,3.65927217744753,"Actual"
"Meander Valley",33.071757,976,940,983,924,5.01727983681492,5.06890420222023,6.82871207164168,3.49867965530719,"Actual"
"Northern Midlands",28.121884,966,929,975,912,5.08140436498446,5.11799381241676,6.81563999007433,3.33654806327568,"Actual"
"Sorell",10.654726,991,946,993,932,4.91265488573605,5.00394630594546,6.83733281468559,2.36600354959346,"Actual"
"Southern Midlands",12.286026,951,911,1000,887,5.17048399503815,4.95582705760126,6.78784498230958,2.50846251896935,"Actual"
"Tasman",47.626607,923,902,943,931,5.31811999384422,5.29330482472449,6.83625927727707,3.86339157565974,"Actual"
"Waratah-Wynyard",53.184142,929,900,947,896,5.28826703069454,5.27299955856375,6.79794041297493,3.97376026920535,"Actual"
"West Coast",51.029876,861,844,887,832,5.5834963087817,5.54126354515843,6.72383244082121,3.93241126512976,"Actual"
"West Tamar",25.706489,1004,970,999,970,4.81218435537242,4.96284463025991,6.87729607149743,3.24674345030324,"Actual"
"Alice Springs",41.044991,994,1004,955,1014,4.89034912822175,5.23110861685459,6.92165818415113,3.71466880652867,"Actual"
"Barkly",96.348247,670,790,698,887,6.12468339089421,6.09582456243222,6.78784498230958,4.56796920061079,"Actual"
"Central Desert",85.231284,524,697,589,865,6.40191719672719,6.31535800152233,6.76272950693188,4.44536854953865,"Actual"
"Coomalie",16.797548,909,900,906,916,5.38449506278909,5.46383180502561,6.82001636467413,2.82123292337618,"Actual"
"Darwin",18.322988,1027,1036,979,1041,4.60517018598809,5.09375020080676,6.94793706861497,2.90815644638324,"Actual"
"East Arnhem",46.754842,486,694,525,866,6.46302945692067,6.42486902390539,6.76388490856244,3.84491782256398,"Actual"
"Katherine",40.957665,961,965,925,976,5.11198778835654,5.37989735354046,6.88346258641309,3.71253897227036,"Actual"
"Litchfield",9.2878305,1030,1014,1061,959,4.57471097850338,4.39444915467244,6.86589107488344,2.22870499487506,"Actual"
"MacDonnell",93.525299,566,727,590,861,6.3297209055227,6.31354804627709,6.75809450442773,4.53823197723525,"Actual"
"Palmerston",13.587094,1009,998,991,972,4.77068462446567,5.01727983681492,6.87935580446044,2.60912037159612,"Actual"
"Roper Gulf",48.910227,534,709,564,867,6.38519439899773,6.35957386867238,6.76503897678054,3.88998651571817,"Actual"
"Tiwi Islands",94.497347,564,729,540,860,6.33327962813969,6.40025744530882,6.75693238924755,4.54857176003154,"Actual"
"Victoria Daly",77.575274,590,729,618,833,6.28599809450886,6.26149168432104,6.72503364216684,4.35124874239395,"Actual"
"West Arnhem",25.809092,530,728,534,881,6.3919171133926,6.41017488196617,6.78105762593618,3.25072683294896,"Actual"
"West Daly",40.689586,439,677,488,899,6.53378883793334,6.4831073514572,6.80128303447162,3.70597218747179,"Actual"
"Unincorporated NT",35.081622,1044,1014,967,984,4.4188406077966,5.16478597392351,6.89162589705225,3.55767740360726,"Actual"
"Unincorporated ACT",12.269485,1071,1091,1037,1108,4.02535169073515,4.65396035015752,7.01031186730723,2.50711528555182,"Actual"
"Unincorp. Other Territories",42.236864,989,952,952,961,4.92725368515721,5.24702407216049,6.86797440897029,3.74329339421766,"Actual"
"Mosman",12.6849477493195,1110,1169,1065,1185,2.83321334405622,4.34380542185368,7.07749805356923,2.54041607395088,"Estimated"
"Snowy Valleys",27.8010025894537,952,923,976,908,5.16478597392351,5.11198778835654,6.81124437860129,3.32507208441513,"Estimated"
"Barcoo",23.9636490083134,988,959,1002,879,4.93447393313069,4.9416424226093,6.77878489768518,3.17653805749087,"Estimated"
"Boulia",33.6277924326062,878,890,864,898,5.51745289646471,5.62762111369064,6.8001700683022,3.51535288079671,"Estimated"
"Bulloo",26.9827767514496,990,942,972,873,4.91998092582813,5.13579843705026,6.7719355558396,3.29519876436631,"Estimated"
"Burke",29.3059529538317,941,928,899,927,5.2257466737132,5.49306144334055,6.83195356556585,3.37779066787201,"Estimated"
"Croydon",34.2319391610011,876,890,839,867,5.52545293913178,5.71373280550937,6.76503897678054,3.53315910185777,"Estimated"
"Diamantina",28.3026677236569,952,942,884,898,5.16478597392351,5.55295958492162,6.8001700683022,3.34295606606004,"Estimated"
"Etheridge",24.750621879963,982,961,968,949,4.97673374242057,5.15905529921453,6.85540879860993,3.20885061516219,"Estimated"
"Hope Vale",69.2363021919952,631,722,634,815,6.20657592672493,6.23048144757848,6.70318811324086,4.23752532322034,"Estimated"
"Lockhart River",64.2171566989656,622,744,582,794,6.22455842927536,6.32793678372919,6.67708346124714,4.16227041329577,"Estimated"
"Longreach",23.9377827753328,1003,976,967,967,4.82028156560504,5.16478597392351,6.87419849545329,3.17545807993982,"Estimated"
"Mapoon",76.3687086733673,567,700,569,795,6.32793678372919,6.35088571671474,6.67834211465433,4.33557303993669,"Estimated"
"Napranum",64.9023989749197,623,738,619,818,6.22257626807137,6.25958146406492,6.70686233660275,4.1728845872013,"Estimated"
"Pormpuraaw",75.5433671742811,547,706,512,759,6.36302810354046,6.44571981938558,6.63200177739563,4.32470689100999,"Estimated"
"Quilpie",24.0610804349916,998,969,980,942,4.85981240436167,5.08759633523238,6.84800527457636,3.1805956153983,"Estimated"
"Richmond",22.9683237565083,1009,975,1005,924,4.77068462446567,4.91998092582813,6.82871207164168,3.13411603870114,"Estimated"
"Weipa",19.383752451335,1058,1036,1011,944,4.23410650459726,4.87519732320115,6.8501261661455,2.96443521265962,"Estimated"
"Woorabinda",90.7111763055765,492,659,513,816,6.45362499889269,6.44413125670044,6.70441435496411,4.50768057230351,"Estimated"
"Wujal Wujal",78.4033583165216,510,692,542,862,6.42486902390539,6.39692965521615,6.75925527066369,4.36186676210886,"Estimated"
"Flinders Ranges",30.3712423896025,933,907,944,902,5.26785815906333,5.28826703069454,6.80461452006262,3.41349618667014,"Estimated"
"Maralinga Tjarutja",45.106851162568,644,823,641,1043,6.18001665365257,6.21660610108486,6.94985645500077,3.80903414544963,"Estimated"
"Roxby Downs",21.697472385729,1048,1004,1010,919,4.36944785246702,4.88280192258637,6.82328612235569,3.07719577384178,"Estimated"
"Walkerville",15.0597041256234,1075,1097,1035,1123,3.95124371858143,4.67282883446191,7.02375895473844,2.71202257580581,"Estimated"
"Capel",20.5737708793918,1016,982,1051,948,4.70953020131233,4.51085950651685,6.85435450225502,3.02401700623154,"Estimated"
"Carnamah",27.1919054446134,965,937,958,924,5.08759633523238,5.21493575760899,6.82871207164168,3.30291933506405,"Estimated"
"Christmas Island",24.0085074387686,971,972,943,957,5.04985600724954,5.29330482472449,6.86380339145295,3.17840824415131,"Estimated"
"Cocos Islands",27.6329025709441,850,903,980,896,5.62401750618734,5.08759633523238,6.79794041297493,3.31900718484539,"Estimated"
"Cue",33.6926926706775,898,887,895,920,5.43372200355424,5.50938833662798,6.82437367004309,3.51728097914828,"Estimated"
"Dumbleyung",21.3112233556039,1009,989,1014,1007,4.77068462446567,4.85203026391962,6.91473089271856,3.05923385204625,"Estimated"
"Dundas",38.8019792049516,855,851,872,850,5.605802066296,5.59842195899838,6.74523634948436,3.65847125576514,"Estimated"
"Gnowangerup",22.7539334719223,996,973,1004,974,4.87519732320115,4.92725368515721,6.88141130364254,3.12473803031622,"Estimated"
"Jerramungup",21.0284371734196,1025,996,1020,995,4.62497281328427,4.80402104473326,6.90274273715859,3.04587567280289,"Estimated"
"Kent",19.2409168490062,1072,1034,1041,1019,4.00733318523247,4.61512051684126,6.92657703322272,2.95703909737693,"Estimated"
"Koorda",25.7902555015767,980,946,983,901,4.99043258677874,5.06890420222023,6.80350525760834,3.24999672684599,"Estimated"
"Kulin",18.3804726001271,1045,1024,1047,1023,4.40671924726425,4.55387689160054,6.93049476595163,2.91128882933512,"Estimated"
"Menzies",39.1767124732309,860,858,825,870,5.58724865840025,5.75890177387728,6.76849321164863,3.66808250070674,"Estimated"
"Mingenew",22.4454151577377,1007,970,1028,943,4.78749174278205,4.7361984483945,6.84906628263346,3.11108636873192,"Estimated"
"Morawa",27.896809412607,943,929,945,932,5.21493575760899,5.28320372873799,6.83733281468559,3.32851232431687,"Estimated"
"Mount Magnet",37.3177449653963,864,858,890,898,5.57215403217776,5.52942908751142,6.8001700683022,3.61946894986082,"Estimated"
"Mount Marshall",22.8896478948091,980,973,986,990,4.99043258677874,5.04985600724954,6.89770494312864,3.13068475135639,"Estimated"
"Mukinbudin",20.9114135619358,1025,996,1023,990,4.62497281328427,4.77912349311153,6.89770494312864,3.04029511335245,"Estimated"
"Murchison",34.1468654230417,834,885,832,1013,5.68017260901707,5.73657229747919,6.92067150424868,3.53067079331325,"Estimated"
"Northampton",27.5930296438313,954,923,983,892,5.15329159449778,5.06890420222023,6.79346613258001,3.31756319169065,"Estimated"
"Nungarin",24.401562770977,979,960,979,961,4.99721227376411,5.09375020080676,6.86797440897029,3.19464717823903,"Estimated"
"Perenjori",19.3708929334711,1044,1023,1023,1031,4.4188406077966,4.77912349311153,6.93828448401696,2.96377157514168,"Estimated"
"Sandstone",30.577955702358,954,906,960,870,5.15329159449778,5.2040066870768,6.76849321164863,3.42027934746048,"Estimated"
"Shark Bay",27.4914071972918,970,942,935,915,5.05624580534831,5.33271879326537,6.81892406527552,3.31387349029197,"Estimated"
"Three Springs",25.8054931801196,963,947,964,955,5.0998664278242,5.18178355029209,6.86171134048073,3.25058738322274,"Estimated"
"Trayning",31.951336124453,909,896,920,952,5.38449506278909,5.40267738187228,6.85856503479136,3.46421399918085,"Estimated"
"Upper Gascoyne",31.7017158554771,910,920,805,960,5.37989735354046,5.82008293035236,6.86693328446188,3.4563708073514,"Estimated"
"Westonia",21.7396591933877,1030,1004,984,997,4.57471097850338,5.06259503302697,6.90475076996184,3.07913820509308,"Estimated"
"Wickepin",23.0853879800208,994,967,1009,959,4.89034912822175,4.89034912822175,6.86589107488344,3.13919986240299,"Estimated"
"Wiluna",45.8655722419122,773,821,741,954,5.86929691313377,5.99396142730657,6.86066367144829,3.82571477554163,"Estimated"
"Woodanilling",22.4734129093943,1003,982,994,1015,4.82028156560504,4.99721227376411,6.92264389147589,3.11233296204199,"Estimated"
"Wyalkatchem",31.9696075525734,899,898,902,942,5.42934562895444,5.48063892334199,6.84800527457636,3.46478568750605,"Estimated"
"Yalgoo",37.075804337232,900,870,870,853,5.4249500174814,5.605802066296,6.74875954749168,3.61296458265669,"Estimated"
"Central Highlands (Tas.)",32.130458294773,911,888,948,886,5.37527840768417,5.26785815906333,6.78671695060508,3.46980443679115,"Estimated"
"Derwent Valley",33.3670039368646,913,879,950,856,5.36597601502185,5.25749537202778,6.75227037614174,3.50756750559992,"Estimated"
"King Island",25.1093604462184,993,955,987,941,4.89783979995091,5.04342511691925,6.84694313958538,3.22324070276223,"Estimated"
"Belyuen",90.1942876945863,471,662,475,801,6.48616078894409,6.50279004591562,6.68586094706836,4.50196609573488,"Estimated"
"Darwin Waterfront Precinct",17.2777871605211,1117,1165,960,1174,2.30258509299405,5.2040066870768,7.06817200038804,2.84942169733559,"Estimated"
"Wagait",24.3020314471434,985,970,955,1006,4.95582705760126,5.23110861685459,6.91373735065968,3.19055994550021,"Estimated"
